3ad98210,Guzman Suarez,guzmansuarez@kidstock.com,35,male,KIDSTOCK,Stouchsburg
279da55c,Hickman Sherman,hickmansherman@xixan.com,34,male,XIXAN,Wintersburg
3865d39a,Lucile Logan,lucilelogan@intrawear.com,20,female,INTRAWEAR,Tioga
01191dff,Stein Vance,steinvance@comveyor.com,39,male,COMVEYOR,Suitland
357a1f12,Tammy Hunt,tammyhunt@geekus.com,34,female,GEEKUS,Omar
eb05de2c,Morton Ramos,mortonramos@genmex.com,29,male,GENMEX,Verdi
4dbf83c9,Tammi Salas,tammisalas@dognosis.com,24,female,DOGNOSIS,Coyote
34762b97,Marquez Mendez,marquezmendez@zillactic.com,40,male,ZILLACTIC,Matthews
f46a1468,Bradshaw Snider,bradshawsnider@netropic.com,37,male,NETROPIC,Elrama
23bb3baa,Avila Jennings,avilajennings@turnling.com,39,male,TURNLING,Masthope
ad037e4b,Consuelo Rosario,consuelorosario@xymonk.com,28,female,XYMONK,Bradenville
7db1e3ab,Ruthie Hartman,ruthiehartman@fishland.com,25,female,FISHLAND,Freetown
cc3be307,Nola Hansen,nolahansen@comvey.com,39,female,COMVEY,Hillsboro